<?xml version="1.0" encoding="UTF-8"?>
<project-private xmlns="http://www.netbeans.org/ns/project-private/1">
    <editor-bookmarks xmlns="http://www.netbeans.org/ns/editor-bookmarks/2" lastBookmarkId="0"/>
    <open-files xmlns="http://www.netbeans.org/ns/projectui-open-files/2">
        <group>
            <file>file:/home/mcb/polybox/COSS/05_PHD/05_Research/05_tool/Projects/Genesis/src/Features/IUnderlying.java</file>
            <file>file:/home/mcb/polybox/COSS/05_PHD/05_Research/05_tool/Projects/Genesis/src/Features/properties/basic/DecimalsProperty.java</file>
            <file>file:/home/mcb/polybox/COSS/05_PHD/05_Research/05_tool/Projects/Genesis/src/Features/properties/basic/GenesisSupplyProperty.java</file>
            <file>file:/home/mcb/polybox/COSS/05_PHD/05_Research/05_tool/Projects/Genesis/src/Repository/IRepository.java</file>
            <file>file:/home/mcb/polybox/COSS/05_PHD/05_Research/05_tool/Projects/Genesis/nbproject/build-impl.xml</file>
            <file>file:/home/mcb/polybox/COSS/05_PHD/05_Research/05_tool/Projects/Genesis/src/Features/factories/IAbstractFeatureFactory.java</file>
            <file>file:/home/mcb/polybox/COSS/05_PHD/05_Research/05_tool/Projects/Genesis/src/Features/properties/basic/SymbolProperty.java</file>
            <file>file:/home/mcb/polybox/COSS/05_PHD/05_Research/05_tool/Projects/Genesis/src/genesis/Genesis.java</file>
            <file>file:/home/mcb/polybox/COSS/05_PHD/05_Research/05_tool/Projects/Genesis/src/Features/properties/IOtherPropterty.java</file>
            <file>file:/home/mcb/polybox/COSS/05_PHD/05_Research/05_tool/Projects/Genesis/src/Features/properties/basic/GeneralSupplyProperty.java</file>
            <file>file:/home/mcb/polybox/COSS/05_PHD/05_Research/05_tool/Projects/Genesis/src/Features/operations/actions/EActionType.java</file>
            <file>file:/home/mcb/polybox/COSS/05_PHD/05_Research/05_tool/Projects/Genesis/src/Token/basic/BasicToken.java</file>
            <file>file:/home/mcb/polybox/COSS/05_PHD/05_Research/05_tool/Projects/Genesis/src/Token/basic/BasicTokenBuilder.java</file>
            <file>file:/home/mcb/polybox/COSS/05_PHD/05_Research/05_tool/Projects/Genesis/src/Features/operations/StandardClaim.java</file>
            <file>file:/home/mcb/polybox/COSS/05_PHD/05_Research/05_tool/Projects/Genesis/src/Features/properties/IProperty.java</file>
            <file>file:/home/mcb/polybox/COSS/05_PHD/05_Research/05_tool/Projects/Genesis/src/Features/operations/IProof.java</file>
            <file>file:/home/mcb/polybox/COSS/05_PHD/05_Research/05_tool/Projects/Genesis/src/Features/operations/SimpleValueTransactionOperation.java</file>
            <file>file:/home/mcb/polybox/COSS/05_PHD/05_Research/05_tool/Projects/Genesis/src/Features/IAbstractFeatureFactoryBuilder.java</file>
            <file>file:/home/mcb/polybox/COSS/05_PHD/05_Research/05_tool/Projects/Genesis/src/Obtainer/StandardObtainerManager.java</file>
            <file>file:/home/mcb/polybox/COSS/05_PHD/05_Research/05_tool/Projects/Genesis/src/Features/IOperation.java</file>
            <file>file:/home/mcb/polybox/COSS/05_PHD/05_Research/05_tool/Projects/Genesis/src/Obtainer/IObtainerManager.java</file>
            <file>file:/home/mcb/polybox/COSS/05_PHD/05_Research/05_tool/Projects/Genesis/src/Token/StandardTokenDirector.java</file>
            <file>file:/home/mcb/polybox/COSS/05_PHD/05_Research/05_tool/Projects/Genesis/src/Features/properties/basic/NameProperty.java</file>
            <file>file:/home/mcb/polybox/COSS/05_PHD/05_Research/05_tool/Projects/Genesis/src/Features/FeatureType.java</file>
            <file>file:/home/mcb/polybox/COSS/05_PHD/05_Research/05_tool/Projects/Genesis/src/Features/properties/AbstractProperty.java</file>
            <file>file:/home/mcb/polybox/COSS/05_PHD/05_Research/05_tool/Projects/Genesis/src/Features/operations/IOperationProof.java</file>
            <file>file:/home/mcb/polybox/COSS/05_PHD/05_Research/05_tool/Projects/Genesis/src/Token/IToken.java</file>
            <file>file:/home/mcb/polybox/COSS/05_PHD/05_Research/05_tool/Projects/Genesis/src/Features/operations/IActionProof.java</file>
            <file>file:/home/mcb/polybox/COSS/05_PHD/05_Research/05_tool/Projects/Genesis/src/Features/operations/AOperation.java</file>
            <file>file:/home/mcb/polybox/COSS/05_PHD/05_Research/05_tool/Projects/Genesis/src/Features/operations/actions/TransactionAction.java</file>
            <file>file:/home/mcb/polybox/COSS/05_PHD/05_Research/05_tool/Projects/Genesis/src/Utilities/IAddress.java</file>
            <file>file:/home/mcb/polybox/COSS/05_PHD/05_Research/05_tool/Projects/Genesis/src/Token/ITokenBuilder.java</file>
            <file>file:/home/mcb/polybox/COSS/05_PHD/05_Research/05_tool/Projects/Genesis/src/Token/AbstractTokenBuilder.java</file>
            <file>file:/home/mcb/polybox/COSS/05_PHD/05_Research/05_tool/Projects/Genesis/src/Features/properties/basic/ABasicProperty.java</file>
            <file>file:/home/mcb/polybox/COSS/05_PHD/05_Research/05_tool/Projects/Genesis/src/Features/operations/actions/IAction.java</file>
            <file>file:/home/mcb/polybox/COSS/05_PHD/05_Research/05_tool/Projects/Genesis/src/Features/factories/FeatureFactory.java</file>
            <file>file:/home/mcb/polybox/COSS/05_PHD/05_Research/05_tool/Projects/Genesis/src/Features/properties/basic/EBasicProperty.java</file>
            <file>file:/home/mcb/polybox/COSS/05_PHD/05_Research/05_tool/Projects/Genesis/src/Features/IFeature.java</file>
            <file>file:/home/mcb/polybox/COSS/05_PHD/05_Research/05_tool/Projects/Genesis/src/Features/properties/EPropertyCategory.java</file>
            <file>file:/home/mcb/polybox/COSS/05_PHD/05_Research/05_tool/Projects/Genesis/src/Features/operations/IClaim.java</file>
        </group>
    </open-files>
</project-private>
